id,name,parent_id,depth,url
,Shop All,0,0,"{'path': '/shop-all/', 'is_customized': False}"
,Shop All,0,0,"{'path': '/shop-all/', 'is_customized': False}"
,Shop All,0,0,"{'path': '/shop-all/', 'is_customized': False}"
,Special Causes,0,0,"{'path': '/miscellaneous', 'is_customized': True}"
,Apparel,0,0,"{'path': '/first-responder-apparel', 'is_customized': False}"
,Apparatus and Station Equipment,0,0,"{'path': '/apparatus-and-station-equipment/', 'is_customized': False}"
,Badges and Insignia,0,0,"{'path': '/badges-and-insignia/', 'is_customized': False}"
,Bags,0,0,"{'path': '/responder-bags', 'is_customized': False}"
,Body Armor,0,0,"{'path': '/body-armor', 'is_customized': False}"
,Custom Designs,0,0,"{'path': '/first-responder-custom-items', 'is_customized': True}"
,Decals,0,0,"{'path': '/first-responder-decals', 'is_customized': False}"
,Electronic Equipment,0,0,"{'path': '/first-responder-electronic-equipment', 'is_customized': False}"
,Boots- OLD,0,0,"{'path': '/boots-old/', 'is_customized': False}"
,Gear and Equipment Storage,0,0,"{'path': '/rescue-gear-storage', 'is_customized': False}"
,Hazmat,0,0,"{'path': '/hazmat-response-equipment', 'is_customized': False}"
,Helmets,0,0,"{'path': '/fire-helmets', 'is_customized': False}"
,Home Safety,0,0,"{'path': '/firefighter-home-safety', 'is_customized': False}"
,Ladders,0,0,"{'path': '/firefighting-ladders', 'is_customized': False}"
,Leather Goods,0,0,"{'path': '/first-responder-leather-goods', 'is_customized': False}"
,Lights/Flashlights,0,0,"{'path': '/responder-flashlights', 'is_customized': True}"
,Medical Supplies and Equipment,0,0,"{'path': '/medical-supplies-and-equipment', 'is_customized': False}"
,PPE,0,0,"{'path': '/ppe/', 'is_customized': False}"
,Power Equipment,0,0,"{'path': '/firefighting-power-equipment', 'is_customized': False}"
,Rope and Tech Rescue,0,0,"{'path': '/rope-tech-rescue-equipment', 'is_customized': False}"
,Suppression,0,0,"{'path': '/firefighting-suppression-equipment', 'is_customized': False}"
,Tools,0,0,"{'path': '/tools/', 'is_customized': False}"
,Traffic Supplies,0,0,"{'path': '/traffic-control-supplies', 'is_customized': False}"
,Training,0,0,"{'path': '/firefighter-trainers', 'is_customized': False}"
,Vehicle Rescue,0,0,"{'path': '/firefighter-vehicle-rescue', 'is_customized': False}"
,Ventilation,0,0,"{'path': '/firefighter-ventilation', 'is_customized': False}"
,Water Rescue,0,0,"{'path': '/firefighter-water-rescue', 'is_customized': False}"
,Wildland,0,0,"{'path': '/wildland-firefighting', 'is_customized': False}"
,Shop by Job,0,0,"{'path': '/shop-by-job', 'is_customized': False}"
,Drones,0,0,"{'path': '/drones', 'is_customized': False}"
,Gear Dryers,0,0,"{'path': '/gear-dryers', 'is_customized': False}"
,New Products,0,0,"{'path': '/miscellaneous/New-Products', 'is_customized': False}"
,Hot Sales,0,0,"{'path': '/miscellaneous/Hot-Sales', 'is_customized': False}"
,Clearance,0,0,"{'path': '/miscellaneous/Clearance', 'is_customized': False}"
,Knives and Multi Tools,0,0,"{'path': '/first-responder-tools/rescue-knives-and-multi-tools', 'is_customized': False}"
,Vehicle Compartment Matting,0,0,"{'path': '/emergency-vehicle-equipment/emergency-vehicle-compartment-matting', 'is_customized': False}"
,Thermal Imaging Cameras,0,0,"{'path': '/first-responder-electronic-equipment/firefighter-thermal-imaging-cameras', 'is_customized': False}"
,Agricultural Rescue,0,0,"{'path': '/rope-tech-rescue-equipment/agricultural-rescue', 'is_customized': False}"
,Air Bag Devices,0,0,"{'path': '/firefighter-vehicle-rescue/firefighter-vehicle-rescue-airbag-tool', 'is_customized': False}"
,Air Hammers,0,0,"{'path': '/firefighter-vehicle-rescue/air-hammer', 'is_customized': False}"
,Flashlights,0,0,"{'path': '/responder-flashlights/firefighter-all-flashlights', 'is_customized': True}"
,Apparatus and Station Cleaning Supplies,0,0,"{'path': '/apparatus-equipment/apparatus-and-station-cleaning-supplies/', 'is_customized': False}"
,Accessories,0,0,"{'path': '/first-responder-apparel/first-responder-apparel-accessories2', 'is_customized': True}"
,Arson and Crime Scene Investigation,0,0,"{'path': '/firefighting-suppression-equipment/crime-scene-investigation', 'is_customized': False}"
,Axes,0,0,"{'path': '/first-responder-tools/firefighter-axes', 'is_customized': False}"
,Base Layers,0,0,"{'path': '/first-responder-apparel/first-responder-base-layers', 'is_customized': False}"
,Basket Stretchers and Accessories,0,0,"{'path': '/rope-tech-rescue-equipment/basket-stretcher-accessories', 'is_customized': False}"
,Binoculars,0,0,"{'path': '/hazmat-response-equipment/firefighter-binoculars', 'is_customized': False}"
,Charging Equipment (old),0,0,"{'path': '/lights-flashlights/charging-equipment-old/', 'is_customized': False}"
,Chimney Fire Equipment,0,0,"{'path': '/firefighting-suppression-equipment/chimney-fire-equipment', 'is_customized': False}"
,Cigarette Receptacles,0,0,"{'path': '/rescue-gear-storage/cigarette-receptacles', 'is_customized': False}"
,Collapsible Ladders,0,0,"{'path': '/firefighting-ladders/collapsible-ladders', 'is_customized': False}"
,Stock Collar Insignia,0,0,"{'path': '/badges-and-insignia/stock-collar-insignia/', 'is_customized': False}"
,Stock Commendation Bars,0,0,"{'path': '/first-responder-badges/uniform-commendation-bars', 'is_customized': False}"
,Composite Helmets,0,0,"{'path': '/fire-helmets/firefighter-composite-helmets', 'is_customized': False}"
,Cones and Barricades,0,0,"{'path': '/traffic-control-supplies/traffic-cones-and-barricades', 'is_customized': False}"
,Crash Kits,0,0,"{'path': '/firefighter-vehicle-rescue/rescue-crash-kits', 'is_customized': False}"
,Custom Badges,0,0,"{'path': '/first-responder-badges/first-responder-custom-badges', 'is_customized': False}"
,Decals,0,0,"{'path': '/first-responder-decals/first-responder-custom-decals', 'is_customized': False}"
,Decon,0,0,"{'path': '/hazmat-response-equipment/emergency-decon', 'is_customized': False}"
,Drafting,0,0,"{'path': '/firefighting-suppression-equipment/firefighter-drafting-equipment', 'is_customized': False}"
,Drafting,0,0,"{'path': '/wildland-firefighting/firefighter-drafting-equipment', 'is_customized': False}"
,Ear Protection,0,0,"{'path': '/firefighter-personal-protective-equipment/first-responder-ear-protection', 'is_customized': False}"
,Electrical Adapters,0,0,"{'path': '/power-equipment/electrical-adapters/', 'is_customized': False}"
,Electrical Cords,0,0,"{'path': '/emergency-vehicle-equipment/firefighter-electrical-cords', 'is_customized': False}"
,Emergency Vehicle Lighting,0,0,"{'path': '/responder-flashlights/first-responder-emergency-lighting', 'is_customized': True}"
,Emergency Vehicle Lighting,0,0,"{'path': '/emergency-vehicle-equipment/first-responder-emergency-lighting', 'is_customized': True}"
,Medical Bags,0,0,"{'path': '/responder-bags/ems-medical-bags', 'is_customized': False}"
,Radios and Scanners,0,0,"{'path': '/first-responder-electronic-equipment/firefighter-radios-and-scanners', 'is_customized': False}"
,Cord Reels,0,0,"{'path': '/firefighting-power-equipment/emergency-vehicle-cord-reels', 'is_customized': False}"
,Cord Reels,0,0,"{'path': '/emergency-vehicle-equipment/emergency-vehicle-cord-reels', 'is_customized': False}"
,Sirens,0,0,"{'path': '/emergency-vehicle-equipment/emergency-vehicle-sirens', 'is_customized': False}"
,Equipment Markers,0,0,"{'path': '/first-responder-decals/equipment-markers', 'is_customized': False}"
,Equipment Storage,0,0,"{'path': '/rescue-gear-storage/first-responder-equipment-storage', 'is_customized': False}"
,Eye Protection,0,0,"{'path': '/firefighter-personal-protective-equipment/first-responder-eye-protection', 'is_customized': False}"
,Drills,0,0,"{'path': '/firefighting-power-equipment/firefighter-power-drills', 'is_customized': False}"
,Scene Lighting,0,0,"{'path': '/responder-flashlights/firefighting-scene-lights', 'is_customized': False}"
,Attic Ladders,0,0,"{'path': '/firefighting-ladders/firefighter-attic-ladder', 'is_customized': False}"
,Battery Fans,0,0,"{'path': '/firefighter-ventilation/firefighter-battery-fan', 'is_customized': False}"
,Training Props and Simulators - Old,0,0,"{'path': '/firefighter-trainers/firefighter-demo-props', 'is_customized': True}"
,Electric Fans,0,0,"{'path': '/firefighter-ventilation/firefighter-electric-fans', 'is_customized': False}"
,Extension Ladders,0,0,"{'path': '/firefighting-ladders/firefighter-extension-ladder', 'is_customized': False}"
,Fan Accessories and Parts,0,0,"{'path': '/firefighter-ventilation/firefighter-fan-parts', 'is_customized': False}"
,First Aid Supplies,0,0,"{'path': '/medical-supplies-and-equipment/firefighter-first-aid-supplies', 'is_customized': False}"
,Gas Fans,0,0,"{'path': '/firefighter-ventilation/firefighting-gas-fans', 'is_customized': False}"
,Gloves,0,0,"{'path': '/firefighter-personal-protective-equipment/firefighter-gloves', 'is_customized': False}"
,Hoods,0,0,"{'path': '/firefighter-personal-protective-equipment/firefighter-hoods', 'is_customized': False}"
,Hose - Old,0,0,"{'path': '/suppression/hose-old/', 'is_customized': False}"
,Negative Pressure Fans,0,0,"{'path': '/firefighter-ventilation/firefighting-negative-pressure-fans', 'is_customized': False}"
,Portable Fans,0,0,"{'path': '/firefighter-ventilation/firefighting-portable-fans', 'is_customized': True}"
,Portable Pumps,0,0,"{'path': '/suppression/portable-pumps/', 'is_customized': False}"
,Portable Pumps,0,0,"{'path': '/wildland/portable-pumps/', 'is_customized': False}"
,Reciprocating Saws,0,0,"{'path': '/firefighting-power-equipment/firefighter-reciprocating-saws', 'is_customized': False}"
,Reporting Supplies,0,0,"{'path': '/firefighting-suppression-equipment/firefighter-reporting-supplies', 'is_customized': False}"
,Roof Ladders,0,0,"{'path': '/firefighting-ladders/firefighter-roof-ladders', 'is_customized': False}"
,Turnout Gear,0,0,"{'path': '/firefighter-personal-protective-equipment/firefighter-turnout-gear', 'is_customized': False}"
,Water Tanks,0,0,"{'path': '/firefighting-suppression-equipment/firefighting-water-tanks', 'is_customized': False}"
,Nozzles and Monitors,0,0,"{'path': '/suppression/nozzles-and-monitors/', 'is_customized': False}"
,Suppressants,0,0,"{'path': '/firefighting-suppression-equipment/firefighting-suppressants', 'is_customized': False}"
,Skid Units,0,0,"{'path': '/firefighting-suppression-equipment/fire-suppression-skid-units', 'is_customized': False}"
,Flex Badges,0,0,"{'path': '/first-responder-badges/flex-badges', 'is_customized': False}"
,Footwear Accessories,0,0,"{'path': '/first-responder-footwear/first-responder-footwear-accessories', 'is_customized': False}"
,Forcible Entry Tools,0,0,"{'path': '/first-responder-tools/firefighter-forcible-entry-tools', 'is_customized': False}"
,Fuel Containers,0,0,"{'path': '/firefighting-power-equipment/firefighter-fuel-containers', 'is_customized': False}"
,Gas Meters,0,0,"{'path': '/first-responder-electronic-equipment/firefighter-gas-meters', 'is_customized': False}"
,Gear Bags,0,0,"{'path': '/responder-bags/firefighter-gear-bags', 'is_customized': False}"
,Gear Racks,0,0,"{'path': '/rescue-gear-storage/firefighter-gear-racks', 'is_customized': False}"
,Glass Removal Tools,0,0,"{'path': '/vehicle-rescue/glass-removal-tools/', 'is_customized': False}"
,Glow Decals,0,0,"{'path': '/first-responder-decals/first-responder-glow-decals', 'is_customized': False}"
,Hard Cases,0,0,"{'path': '/rescue-gear-storage/first-responder-hard-cases', 'is_customized': False}"
,Safety Helmets,0,0,"{'path': '/fire-helmets/firefighter-hard-hats', 'is_customized': False}"
,PPE,0,0,"{'path': '/hazmat-response-equipment/hazmat-ppe', 'is_customized': True}"
,Helmet Trim,0,0,"{'path': '/first-responder-decals/fire-helmet-decal-trim', 'is_customized': False}"
,Hooks,0,0,"{'path': '/first-responder-tools/firefighter-hooks', 'is_customized': False}"
,Hose Bags,0,0,"{'path': '/responder-bags/firefighter-hose-bags', 'is_customized': False}"
,Hoseline Testing Equipment,0,0,"{'path': '/firefighting-suppression-equipment/firefighter-hoseline-testing', 'is_customized': False}"
,Infection Control,0,0,"{'path': '/medical-supplies-and-equipment/medical-infection-control', 'is_customized': False}"
,Ladder Accessories and Parts,0,0,"{'path': '/firefighting-ladders/firefighter-ladder-parts', 'is_customized': False}"
,Leather Belts,0,0,"{'path': '/first-responder-leather-goods/first-responder-leather-belts', 'is_customized': False}"
,Leather Helmet Fronts/Shields,0,0,"{'path': '/fire-helmets/firefighter-leather-helmet-fronts', 'is_customized': True}"
,Leather Helmet Fronts/Shields,0,0,"{'path': '/first-responder-leather-goods/firefighter-leather-helmet-fronts', 'is_customized': True}"
,Leather Accessories,0,0,"{'path': '/first-responder-leather-goods/first-responder-leather-radio-accessories', 'is_customized': False}"
,Light Parts and Accessories,0,0,"{'path': '/responder-flashlights/responder-light-parts-accessories', 'is_customized': False}"
,Line Tape,0,0,"{'path': '/traffic-control-supplies/first-responder-scene-tape', 'is_customized': False}"
,Manikins - Old,0,0,"{'path': '/training/manikins-old/', 'is_customized': False}"
,Mask Bags,0,0,"{'path': '/responder-bags/firefighter-mask-bags', 'is_customized': False}"
,Mats and Tarps,0,0,"{'path': '/firefighting-suppression-equipment/firefighting-tarps', 'is_customized': False}"
,Mauls,0,0,"{'path': '/first-responder-tools/firefighter-mauls', 'is_customized': False}"
,Megaphones,0,0,"{'path': '/traffic-control-supplies/first-responder-megaphones', 'is_customized': False}"
,Metal Detectors,0,0,"{'path': '/first-responder-electronic-equipment/first-responder-metal-detectors', 'is_customized': False}"
,Off Duty Footwear,0,0,"{'path': '/first-responder-footwear/first-responder-off-duty-footwear', 'is_customized': False}"
,Off Duty Wear,0,0,"{'path': '/first-responder-apparel/first-responder-off-duty-wear', 'is_customized': False}"
,Online Training Courses,0,0,"{'path': '/firefighter-trainers/online-training-courses', 'is_customized': False}"
,Pants,0,0,"{'path': '/first-responder-apparel/firefighter-pants2', 'is_customized': False}"
,Pass Devices,0,0,"{'path': '/first-responder-electronic-equipment/firefighter-pass-devices', 'is_customized': False}"
,Patient Immobilization Equipment,0,0,"{'path': '/rope-tech-rescue-equipment/patient-immobilization-equipment', 'is_customized': False}"
,Patient Protection,0,0,"{'path': '/firefighter-vehicle-rescue/patient-protection', 'is_customized': False}"
,Patient Transportation,0,0,"{'path': '/medical-supplies-and-equipment/rescue-patient-transportation', 'is_customized': False}"
,Pike Poles,0,0,"{'path': '/first-responder-tools/firefighter-pike-poles', 'is_customized': False}"
,Pocket and Hand Tools,0,0,"{'path': '/first-responder-tools/firefighter-pocket-and-hand-tools', 'is_customized': False}"
,Radio Cases,0,0,"{'path': '/first-responder-leather-goods/first-responder-radio-cases', 'is_customized': False}"
,Radio Straps,0,0,"{'path': '/first-responder-leather-goods/responder-radio-straps', 'is_customized': False}"
,Rapid Intervention Bags,0,0,"{'path': '/responder-bags/firefighting-rapid-intervention-bags', 'is_customized': False}"
,Rehab and Mass Casualty Incident,0,0,"{'path': '/medical-supplies-and-equipment/firefighter-rehab-mass-casualty', 'is_customized': False}"
,Rehab and Mass Casualty Incident,0,0,"{'path': '/firefighting-suppression-equipment/firefighter-rehab-mass-casualty', 'is_customized': False}"
,Generators,0,0,"{'path': '/firefighting-power-equipment/firefighter-rescue-generators', 'is_customized': False}"
,Ropes and Rigging Systems,0,0,"{'path': '/rope-tech-rescue-equipment/firefighter-ropes-and-rigging', 'is_customized': False}"
,Rope Bags,0,0,"{'path': '/rope-tech-rescue-equipment/firefighter-rope-bags', 'is_customized': False}"
,Rope Bags,0,0,"{'path': '/responder-bags/firefighter-rope-bags', 'is_customized': False}"
,Search and Rescue Helmets,0,0,"{'path': '/fire-helmets/firefighter-search-and-rescue-helmets', 'is_customized': False}"
,Shelters,0,0,"{'path': '/hazmat-response-equipment/hazmat-shelters', 'is_customized': False}"
,Shovels and Brooms,0,0,"{'path': '/first-responder-tools/firefighter-shovels-brooms', 'is_customized': False}"
,Sledge Hammers,0,0,"{'path': '/first-responder-tools/first-responder-sledge-hammers', 'is_customized': False}"
,Software,0,0,"{'path': '/first-responder-electronic-equipment/responder-software', 'is_customized': False}"
,Spill Control,0,0,"{'path': '/hazmat-response-equipment/hazmat-spill-control', 'is_customized': False}"
,Station and EMS Boots,0,0,"{'path': '/first-responder-footwear/firefighter-station-and-ems-boots', 'is_customized': False}"
,Stock Badges,0,0,"{'path': '/first-responder-badges/first-responder-stock-badges', 'is_customized': False}"
,Stock Decals,0,0,"{'path': '/first-responder-decals/first-responder-stock-decals', 'is_customized': False}"
,Storage Accessories,0,0,"{'path': '/rescue-gear-storage/first-responder-equipment-storage-accessories', 'is_customized': False}"
,Structural Boots,0,0,"{'path': '/first-responder-footwear/firefighter-structural-boots', 'is_customized': False}"
,Structural Boots,0,0,"{'path': '/firefighter-personal-protective-equipment/firefighter-structural-boots', 'is_customized': False}"
,Suspenders,0,0,"{'path': '/first-responder-leather-goods/leather-firefighter-suspenders', 'is_customized': False}"
,Tactical Bags,0,0,"{'path': '/responder-bags/tactical-bags', 'is_customized': False}"
,Tool and Equipment Bags,0,0,"{'path': '/firefighter-vehicle-rescue/firefighter-tool-bags', 'is_customized': False}"
,Tool and Equipment Bags,0,0,"{'path': '/responder-bags/firefighter-tool-bags', 'is_customized': False}"
,Tool Grips,0,0,"{'path': '/first-responder-tools/firefighter-tool-grips', 'is_customized': True}"
,Tool Parts and Accessories,0,0,"{'path': '/first-responder-tools/firefighter-tool-parts', 'is_customized': True}"
,Traffic Accessories,0,0,"{'path': '/traffic-control-supplies/traffic-control-accessories', 'is_customized': True}"
,Traffic Signs,0,0,"{'path': '/traffic-control-supplies/traffic-control-signs', 'is_customized': False}"
,Traffic Vests,0,0,"{'path': '/firefighter-personal-protective-equipment/traffic-vests', 'is_customized': False}"
,Traffic Vests,0,0,"{'path': '/traffic-control-supplies/traffic-vests', 'is_customized': False}"
,Travel Bags,0,0,"{'path': '/responder-bags/first-responder-travel-bags', 'is_customized': False}"
,Uniform Shoes,0,0,"{'path': '/first-responder-footwear/first-responder-uniform-shoes', 'is_customized': False}"
,Uniforms,0,0,"{'path': '/first-responder-apparel/first-responder-uniform-accessories2', 'is_customized': False}"
,Vehicle Decals,0,0,"{'path': '/first-responder-decals/first-responder-vehicle-decals', 'is_customized': False}"
,Vehicle Stabilization,0,0,"{'path': '/firefighter-vehicle-rescue/firefighter-vehicle-stabilization', 'is_customized': False}"
,Wheel Chocks,0,0,"{'path': '/emergency-vehicle-equipment/fire-apparatus-wheel-chocks2', 'is_customized': False}"
,Voltage Detectors,0,0,"{'path': '/first-responder-electronic-equipment/firefighter-voltage-detectors', 'is_customized': False}"
,Waste Containers,0,0,"{'path': '/rescue-gear-storage/station-waste-containers', 'is_customized': False}"
,Water Rescue Helmets,0,0,"{'path': '/fire-helmets/firefighter-water-rescue-helmets', 'is_customized': False}"
,Water Rescue Lights,0,0,"{'path': '/responder-flashlights/firefighter-water-rescue-lights', 'is_customized': False}"
,Lights,0,0,"{'path': '/firefighter-water-rescue/firefighter-water-rescue-lights', 'is_customized': True}"
,Water Rescue,0,0,"{'path': '/ppe/water-rescue/', 'is_customized': False}"
,PPE,0,0,"{'path': '/firefighter-water-rescue/firefighter-water-rescue-personal-protective-equipment', 'is_customized': True}"
,Water Tanks,0,0,"{'path': '/wildland-firefighting/wildland-firefighting-water-tanks', 'is_customized': False}"
,Whistles and Accessories,0,0,"{'path': '/traffic-control-supplies/traffic-control-whistles', 'is_customized': False}"
,Accessories,0,0,"{'path': '/wildland/accessories/', 'is_customized': False}"
,Bags and Chest Rigs,0,0,"{'path': '/wildland/bags-and-chest-rigs/', 'is_customized': False}"
,Wildland Bags and Chest Rigs,0,0,"{'path': '/responder-bags/wildland-bags-and-rigs', 'is_customized': False}"
,Fire Shelters,0,0,"{'path': '/wildland-firefighting/wildland-fire-shelters', 'is_customized': True}"
,Wildland Helmets,0,0,"{'path': '/fire-helmets/wildland-fire-helmets', 'is_customized': False}"
,Wildland,0,0,"{'path': '/ppe/wildland/', 'is_customized': False}"
,PPE,0,0,"{'path': '/wildland-firefighting/wildland-firefighting-ppe', 'is_customized': True}"
,Wildland Tools,0,0,"{'path': '/first-responder-tools/wildland-firefighting-tools', 'is_customized': False}"
,Tools,0,0,"{'path': '/wildland-firefighting/wildland-firefighting-tools', 'is_customized': True}"
,Wireless Transmitters,0,0,"{'path': '/first-responder-electronic-equipment/firefighter-wireless-transmitters', 'is_customized': False}"
,Extrication Suits,0,0,"{'path': '/firefighter-personal-protective-equipment/firefighter-extrication-suits', 'is_customized': False}"
,Belts,0,0,"{'path': '/first-responder-apparel/first-responder-belts', 'is_customized': False}"
,European Helmets,0,0,"{'path': '/fire-helmets/european-firefighter-helmets', 'is_customized': False}"
,Gear Cleaner,0,0,"{'path': '/firefighter-personal-protective-equipment/firefighter-gear-cleaner', 'is_customized': False}"
,Handheld Lights,0,0,"{'path': '/responder-flashlights/firefighter-handheld-lights', 'is_customized': False}"
,Headlamps,0,0,"{'path': '/responder-flashlights/firefighter-headlamps', 'is_customized': False}"
,Helmet Lights,0,0,"{'path': '/responder-flashlights/firefighter-helmet-lights', 'is_customized': False}"
,Hose Hardware and Parts,0,0,"{'path': '/firefighting-suppression-equipment/firefighting-hose-hardware', 'is_customized': False}"
,Hose Hardware and Parts,0,0,"{'path': '/wildland-firefighting/firefighting-hose-hardware', 'is_customized': False}"
,Hose Wrenches,0,0,"{'path': '/firefighting-suppression-equipment/firefighter-hose-wrenches', 'is_customized': False}"
,Hose Wrenches,0,0,"{'path': '/first-responder-tools/firefighter-hose-wrenches', 'is_customized': False}"
,Hose Wrenches,0,0,"{'path': '/wildland-firefighting/firefighter-hose-wrenches', 'is_customized': False}"
,Key Chain Lights,0,0,"{'path': '/responder-flashlights/first-responder-key-chain-lights', 'is_customized': False}"
,Modern Helmets,0,0,"{'path': '/fire-helmets/modern-fire-helmets', 'is_customized': False}"
,Safety Lights,0,0,"{'path': '/responder-flashlights/first-responder-safety-lights', 'is_customized': False}"
,Wildland Boots,0,0,"{'path': '/first-responder-footwear/wildland-firefighting-boots', 'is_customized': False}"
,Nozzles,0,0,"{'path': '/wildland-firefighting/wildland-firefighting-nozzles', 'is_customized': True}"
,Vehicle Mounts and Brackets,0,0,"{'path': '/emergency-vehicle-equipment/emergency-vehicle-mounts', 'is_customized': False}"
,All Bags and Packs,0,0,"{'path': '/responder-bags/firefighter-bags', 'is_customized': False}"
,Accessories,0,0,"{'path': '/responder-bags/first-responder-bag-accessories', 'is_customized': True}"
,Belts and Harnesses,0,0,"{'path': '/rope-tech-rescue-equipment/rescue-belts-harnesses', 'is_customized': False}"
,Coveralls,0,0,"{'path': '/firefighter-personal-protective-equipment/first-responder-coveralls', 'is_customized': False}"
,Coveralls,0,0,"{'path': '/first-responder-apparel/first-responder-coveralls', 'is_customized': False}"
,CPR Supplies,0,0,"{'path': '/medical-supplies-and-equipment/cpr-rescue-devices', 'is_customized': False}"
,Chain and Power Saws - Old,0,0,"{'path': '/power-equipment/chain-and-power-saws-old/', 'is_customized': False}"
,Escape Systems,0,0,"{'path': '/rope-tech-rescue-equipment/firefighter-escape-systems', 'is_customized': False}"
,Training Aids - Old,0,0,"{'path': '/training/training-aids-old/', 'is_customized': False}"
,Webbing,0,0,"{'path': '/rope-tech-rescue-equipment/firefighter-webbing', 'is_customized': False}"
,Flares and Light Sticks,0,0,"{'path': '/traffic-control-supplies/firefighter-traffic-flares', 'is_customized': False}"
,Headwear,0,0,"{'path': '/first-responder-apparel/first-responder-headwear', 'is_customized': False}"
,Incident Command and Accountability Supplies,0,0,"{'path': '/firefighting-suppression-equipment/firefighting-incident-command', 'is_customized': False}"
,Incident Command and Accountability Supplies,0,0,"{'path': '/emergency-vehicle-equipment/firefighting-incident-command', 'is_customized': False}"
,Job Shirts,0,0,"{'path': '/first-responder-apparel/firefighter-and-ems-job-shirts', 'is_customized': False}"
,K9 Gear,0,0,"{'path': '/rope-and-tech-rescue/k9-gear/', 'is_customized': False}"
,Outerwear,0,0,"{'path': '/first-responder-apparel/responder-outerwear', 'is_customized': False}"
,Rain Gear,0,0,"{'path': '/first-responder-apparel/responder-rain-gear', 'is_customized': False}"
,Ram Plates,0,0,"{'path': '/firefighter-vehicle-rescue/vehicle-extrication-ram-plates', 'is_customized': False}"
,Rapid Intervention Equipment,0,0,"{'path': '/rope-tech-rescue-equipment/rapid-intervention-equipment', 'is_customized': False}"
,Rapid Intervention Equipment,0,0,"{'path': '/firefighting-suppression-equipment/rapid-intervention-equipment', 'is_customized': False}"
,All Rope Hardware,0,0,"{'path': '/rope-tech-rescue-equipment/firefighter-rope-hardware', 'is_customized': False}"
,Respiratory  Supplies and Equipment,0,0,"{'path': '/medical-supplies-and-equipment/ems-respiratory-supplies', 'is_customized': False}"
,Weather and Wind Meters,0,0,"{'path': '/first-responder-electronic-equipment/firefighter-rescue-wind-weather-meters', 'is_customized': False}"
,Shirts,0,0,"{'path': '/first-responder-apparel/first-responder-shirts', 'is_customized': False}"
,Shorts,0,0,"{'path': '/first-responder-apparel/station-wear-shorts', 'is_customized': False}"
,Socks,0,0,"{'path': '/first-responder-footwear/first-responder-socks', 'is_customized': False}"
,Socks,0,0,"{'path': '/first-responder-apparel/first-responder-socks', 'is_customized': False}"
,Bags,0,0,"{'path': '/firefighter-water-rescue/firefighter-water-rescue-bags', 'is_customized': True}"
,Water Rescue Bags,0,0,"{'path': '/responder-bags/firefighter-water-rescue-bags', 'is_customized': False}"
,Rescue Systems,0,0,"{'path': '/firefighter-water-rescue/firefighter-water-rescue-systems', 'is_customized': False}"
,Boats and Boat Accessories,0,0,"{'path': '/firefighter-water-rescue/rescue-boat-accessories', 'is_customized': True}"
